,Ring,SMART,PED_ORIENTED,CAT_CODE,LANDUSE,SPC_LU,GN_VA_LU,UNITS,ROAD_IMPACT_FEE,MF_RT_BASED_FEE,DIFF_MF_vs_RF,YEAR
0,1,In,0.0,140-00,Manufacturing,HEAVY INDUSTRIAL,Industrial/Manufacturing,sq. ft.,3824263.03,-298372.380504,-150355.8678776,2019
1,1,In,0.0,150-00,Warehousing,"WAREHOUSING, DISTRIBUTION TERMINALS",Industrial/Manufacturing,sq. ft.,3054638.18,-927700.66774,84489.615144,2019
2,1,In,0.0,210-00,Single Family Detached,SINGLE FAMILY RESIDENTIAL,Single-family,unit,4617504.93,-443389.056,65866.031,2019
3,1,In,0.0,220-00,Apartment (Rentals),MULTI-FAMILY 10 OR MORE,Multifamily,unit,1499336.62,2107934.4,-45967.563912,2019
4,1,In,0.0,222-00,High-Rise Apart or Condo over 3 floors,MULTI-FAMILY 10 OR MORE,Multifamily,unit,2486769.9000000004,16364867.639999999,46291.020864,2019
5,1,In,0.0,230-00,"Condominium,Townhouse",CONDOMINIUM,Single-family,unit,21913.989999999998,22622.688000000002,92661.54348,2019
6,1,In,0.0,252-00,Senior Adult Housing-Attached,HOMES FOR THE AGED,Other,unit,331949.2,331949.19999999995,-92661.6108792,2019
7,1,In,0.0,254-00,Assisted Living Facility,HOMES FOR THE AGED,Other,bed,0.0,20916.543999999998,16276.593059999985,2019
8,1,In,0.0,310-00,Hotel,"HOTELS, MOTELS",Commercial/Retail,room,37533298.309999995,26050422.463999998,5570.769859999971,2019
9,1,In,0.0,311-00,All Suites Hotel,"HOTELS, MOTELS",Commercial/Retail,room,105709.46,1800569.6279999998,-116729.948,2019
10,1,In,0.0,320-00,Motel,"HOTELS, MOTELS",Commercial/Retail,room,0.0,70342.624,-151158.178072,2019
11,1,In,0.0,520-00,Elementary School (30 SF/St),PUBLIC COUNTY SCHOOLS,Other,student,0.0,50715.456,4876.418000000005,2019
12,1,In,0.0,560-00,Church/Synagogue,"CHURCHES, TEMPLES",Other,sq. ft.,0.0,-135927.54477236,116747.13599999998,2019
13,1,In,0.0,565-00,Day Care Center,PRIVATE SCHOOLS & COLLEGES,Other,sq. ft.,0.0,62202.308167999996,3047.7599999999948,2019
14,1,In,0.0,610-00,Hospital,HOSPITALS,Other,sq. ft.,1348029.3599999999,1391623.22376,3657.3159999999916,2019
15,1,In,0.0,630-00,Clinic,PROFESSIONAL BUILDING,Office,sq. ft.,0.0,138629.49425599998,3657.3159999999916,2019
16,1,In,0.0,710-00,"General Office Building [1-50,000]","OFFICE, ONE STORY",Office,sq. ft.,2727071.09,2154387.345,4876.418000000005,2019
17,1,In,0.0,710-01,"General Office Building [50,001 -100,000]","OFFICE, ONE STORY",Office,sq. ft.,0.0,1576559.9228279998,155662.848,2019
18,1,In,0.0,710-02,"General Office Building [100,001-150,000]",PROFESSIONAL BUILDING,Office,sq. ft.,11463.16,1542605.8061919997,4876.418000000005,2019
19,1,In,0.0,720-00,Medical Office Building,PROFESSIONAL BUILDING,Office,sq. ft.,0.0,99789.64380000002,3657.3159999999916,2019
20,1,In,0.0,760-00,Research Center,PROFESSIONAL BUILDING,Office,sq. ft.,0.0,-7442.512704,2844.577999999994,2019
21,1,In,0.0,820-00,"Shopping Center/General Retail [1-10,000]","STORES, ONE STORY",Commercial/Retail,sq. ft.,12334165.98,-96821.92803756,3047.7599999999948,2019
22,1,In,0.0,820-01,"Shopping Center/General Retail [10,001 -50,000]","STORES, ONE STORY",Commercial/Retail,sq. ft.,1021487.72,1735514.630784,-121225.94787999999,2019
23,1,In,0.0,820-02,"Shopping Center/General Retail [50,001 -100,000]","STORES, ONE STORY",Commercial/Retail,sq. ft.,0.0,1399614.4978199997,148750.44954,2019
24,1,In,0.0,820-05,"Shopping Center/General Retail [300,001-400,000]",COMMUNITY SHOPPING CENTER,Commercial/Retail,sq. ft.,0.0,-8685492.265252,-26854.185599999997,2019
25,1,In,0.0,820-06,"Shopping Center/General Retail [400,001-500,000]",COMMUNITY SHOPPING CENTER,Commercial/Retail,sq. ft.,0.0,11498211.126116,159176.311104,2019
26,1,In,0.0,820-11,"Shopping Center/General Retail [1,200,001-more]",REGIONAL SHOPPING CENTER,Commercial/Retail,sq. ft.,0.0,29185515.052144002,-159178.1978424,2019
27,1,In,0.0,841-00,Car Sales (New & Used Car Sales Area),"AUTO SALES, REPAIR, ETC",Commercial/Retail,sq. ft.,0.0,-458292.914112,423.16488000000027,2019
28,1,In,0.0,841-01,Car Sales (Service and Parts Sales Area),"AUTO SALES, REPAIR, ETC",Commercial/Retail,sq. ft.,0.0,-292785.042176,320.9379519999984,2019
29,1,In,0.0,850-00,Supermarket (free standing),SUPERMARKETS,Commercial/Retail,sq. ft.,0.0,473483.609544,792.637872000003,2019
30,1,In,0.0,853-00,Convenience market with Gasoline,SERVICE STATIONS,Commercial/Retail,sq. ft.,180626.59999999998,376947.82817999995,-0.20066400000359863,2019
31,1,In,0.0,911-00,Bank (Walk-in),"RESTAURANTS, CAFETERIAS",Commercial/Retail,sq. ft.,0.0,68557.331524,-1149.140416,2019
32,1,In,0.0,912-00,Bank (Drive-in),"RESTAURANTS, CAFETERIAS",Commercial/Retail,sq. ft.,31510.219999999998,90757.03744799999,-12257.501103999999,2019
33,1,In,0.0,931-00,Quality Restaurant,"RESTAURANTS, CAFETERIAS",Commercial/Retail,sq. ft.,0.0,188300.510112,1174.0940640000001,2019
34,1,In,0.0,932-00,High Turnover Rest.,DRIVE-IN RESTAURANTS,Commercial/Retail,sq. ft.,22698.800000000003,5887492.7210484,12523.670016,2019
35,1,In,0.0,932-01,High turnover Rest/Seats,"RESTAURANTS, CAFETERIAS",Commercial/Retail,seats,88942.8,550915.2,1639.7259919999924,2019
36,1,In,0.0,933-00,Fast Food Rest. w/o Drive-Thru,"RESTAURANTS, CAFETERIAS",Commercial/Retail,sq. ft.,104770.55,108158.82549999999,-3.8725600000470877,2019
37,1,In,0.0,937-00,Coffee/Donut Shop,DRIVE-IN RESTAURANTS,Commercial/Retail,sq. ft.,0.0,53069.28351999999,-1476031.3536480002,2019
38,1,In,0.0,944-00,Service Stations w/ Gasoline,SERVICE STATIONS,Commercial/Retail,fuel station,45285.14,46749.648,-13747.851128,2019
39,1,In,1.0,710-00,"General Office Building [1-50,000]","OFFICE, ONE STORY",Office,sq. ft.,2417808.9899999998,-337085.416272,60047.31479999999,2019
40,1,In,1.0,820-07,"Shopping Center/General Retail [500,001-600,000]",REGIONAL SHOPPING CENTER,Commercial/Retail,sq. ft.,0.0,-11775021.148043998,210837.39599999998,2019
41,2,In,0.0,130-00,Industrial Park,LIGHT MANUFACTURING,Industrial/Manufacturing,sq. ft.,0.0,-61320.534528,1264760.64,2019
42,2,In,0.0,140-00,Manufacturing,HEAVY INDUSTRIAL,Industrial/Manufacturing,sq. ft.,543516.61,-72957.600628,10891.890768,2019
43,2,In,0.0,150-00,Warehousing,"WAREHOUSING, DISTRIBUTION TERMINALS",Industrial/Manufacturing,sq. ft.,1278543.07,-708748.15572,-12373.386079999998,2019
44,2,In,0.0,210-00,Single Family Detached,SINGLE FAMILY RESIDENTIAL,Single-family,unit,787795.75,-201280.15687999997,2408.39808,2019
45,2,In,0.0,220-00,Apartment (Rentals),MULTI-FAMILY 10 OR MORE,Multifamily,unit,415350.74,1219488.6950399997,-56689.92703200001,2019
46,2,In,0.0,222-00,High-Rise Apart or Condo over 3 floors,MULTI-FAMILY 10 OR MORE,Multifamily,unit,476.95000000000005,6603834.1776,-35125.135624,2019
47,2,In,0.0,240-00,Mobile Home,MOBILE HOME,Single-family,unit,0.0,-241166.44991999998,-64943.831024,2019
48,2,In,0.0,254-00,Assisted Living Facility,HOMES FOR THE AGED,Other,bed,0.0,-342508.408,5440.650643999999,2019
49,2,In,0.0,30-00,Truck Terminals,SERVICE STATIONS,Commercial/Retail,sq. ft.,0.0,980899.696348,56689.97180000001,2019
50,2,In,0.0,310-00,Hotel,"HOTELS, MOTELS",Commercial/Retail,room,2033234.4200000002,5965942.751999999,12155.768064,2019
51,2,In,0.0,311-00,All Suites Hotel,"HOTELS, MOTELS",Commercial/Retail,room,5833.32,18065.915999999997,30606.399999999998,2019
52,2,In,0.0,320-00,Motel,"HOTELS, MOTELS",Commercial/Retail,room,0.0,-4242627.438279999,56621.84,2019
53,2,In,0.0,480-00,Amusement Park,TOURIST ATTRACTIONS,Other,acre,0.0,162636.79299999998,9584.467383999998,2019
54,2,In,0.0,492-00,Health/Fitness,OUTDOOR RECREATIONAL,Other,sq. ft.,72399.65000000001,438925.48048800003,-9237.271999999999,2019
55,2,In,0.0,520-00,Elementary School (30 SF/St),PUBLIC COUNTY SCHOOLS,Other,student,0.0,27470.872,9584.467383999998,2019
56,2,In,0.0,530-00,High School (25 SF/St),PUBLIC COUNTY SCHOOLS,Other,student,0.0,-8673.983999999999,-9237.271999999999,2019
57,2,In,0.0,540-00,Jr./Community College (25 SF/St),COLLEGES,Other,student,0.0,166212.288,2017.600824000001,2019
58,2,In,0.0,550-00,University (20 SF/St),COLLEGES,Other,student,858363.0,858363.0,-0.008368000000018583,2019
59,2,In,0.0,560-00,Church/Synagogue,"CHURCHES, TEMPLES",Other,sq. ft.,0.0,26608.969728,-87045.709248,2019
60,2,In,0.0,565-00,Day Care Center,PRIVATE SCHOOLS & COLLEGES,Other,sq. ft.,78728.67,89361.836564,87045.72492,2019
61,2,In,0.0,630-00,Clinic,PROFESSIONAL BUILDING,Office,sq. ft.,0.0,544660.017,-186613.16684,2019
62,2,In,0.0,710-00,"General Office Building [1-50,000]","OFFICE, ONE STORY",Office,sq. ft.,2748861.58,154793.76559680008,188092.60799999998,2019
63,2,In,0.0,710-01,"General Office Building [50,001 -100,000]","OFFICE, ONE STORY",Office,sq. ft.,53930.990000000005,-19121.95076,513991.89952,2019
64,2,In,0.0,710-02,"General Office Building [100,001-150,000]",PROFESSIONAL BUILDING,Office,sq. ft.,29088.05,2953824.9598879996,-513991.89952,2019
65,2,In,0.0,710-03,"General Office Building [150,001-200,000]",PROFESSIONAL BUILDING,Office,sq. ft.,0.0,288490.94960399996,1030114.13472,2019
66,2,In,0.0,720-00,Medical Office Building,PROFESSIONAL BUILDING,Office,sq. ft.,75815.44,357553.48860000004,-1030114.13472,2019
67,2,In,0.0,820-00,"Shopping Center/General Retail [1-10,000]","STORES, ONE STORY",Commercial/Retail,sq. ft.,4565380.159999999,1065160.2112733999,-467415.01488,2019
68,2,In,0.0,820-01,"Shopping Center/General Retail [10,001 -50,000]","STORES, ONE STORY",Commercial/Retail,sq. ft.,2507603.38,3064219.07907456,467415.01488,2019
69,2,In,0.0,820-02,"Shopping Center/General Retail [50,001 -100,000]","STORES, ONE STORY",Commercial/Retail,sq. ft.,0.0,-124552.67153999998,219.4693840000009,2019
70,2,In,0.0,820-03,"Shopping Center/General Retail [100,001-200,000]",COMMUNITY SHOPPING CENTER,Commercial/Retail,sq. ft.,116142.91,119899.07424,2007.383976000001,2019
71,2,In,0.0,841-00,Car Sales (New & Used Car Sales Area),"AUTO SALES, REPAIR, ETC",Commercial/Retail,sq. ft.,0.0,-43447.448616,23.36959999999999,2019
72,2,In,0.0,841-01,Car Sales (Service and Parts Sales Area),"AUTO SALES, REPAIR, ETC",Commercial/Retail,sq. ft.,0.0,-235963.212144,-45210.494276,2019
73,2,In,0.0,853-00,Convenience market with Gasoline,SERVICE STATIONS,Commercial/Retail,sq. ft.,9276.58,103075.79436,46671.066068,2019
74,2,In,0.0,880-00,Pharmacy/Drugstore w/o Drive-Thru,"STORES, ONE STORY",Commercial/Retail,sq. ft.,68202.58,204531.2973,-8259.2352084,2019
75,2,In,0.0,890-00,Furniture Store (free standing),"WHOLESALE, PRODUCE, MFG",Commercial/Retail,sq. ft.,0.0,2196.9046,8260.472,2019
76,2,In,0.0,931-00,Quality Restaurant,"RESTAURANTS, CAFETERIAS",Commercial/Retail,sq. ft.,0.0,49528.500736,-52493.048452,2019
77,2,In,0.0,931-01,Quality Restaurant/Seats,"RESTAURANTS, CAFETERIAS",Commercial/Retail,seats,0.0,12561.647999999997,53562.73846,2019
78,2,In,0.0,932-00,High Turnover Rest.,DRIVE-IN RESTAURANTS,Commercial/Retail,sq. ft.,474667.18,1439537.500632,-18030.260144,2019
79,2,In,0.0,932-01,High turnover Rest/Seats,"RESTAURANTS, CAFETERIAS",Commercial/Retail,seats,380359.36,847797.2799999999,18363.84,2019
80,2,In,0.0,933-00,Fast Food Rest. w/o Drive-Thru,"RESTAURANTS, CAFETERIAS",Commercial/Retail,sq. ft.,0.0,-112783.76780219999,-235319.914312,2019
81,2,In,0.0,934-00,Fast Food Rest. w/ Drive-Thru,DRIVE-IN RESTAURANTS,Commercial/Retail,sq. ft.,49335.91,1916.5695119999946,243223.19999999998,2019
82,2,In,0.0,937-00,Coffee/Donut Shop,DRIVE-IN RESTAURANTS,Commercial/Retail,sq. ft.,0.0,51990.87027199999,-238503.10941599996,2019
83,2,In,0.0,944-00,Service Stations w/ Gasoline,SERVICE STATIONS,Commercial/Retail,fuel station,0.0,-93499.29599999999,243223.19999999998,2019
84,2,In,1.0,210-00,Single Family Detached,SINGLE FAMILY RESIDENTIAL,Single-family,unit,105339.48,44338.9056,-166462.92108,2019
85,2,In,1.0,220-00,Apartment (Rentals),MULTI-FAMILY 10 OR MORE,Multifamily,unit,75556.57,116747.136,76466.63904,2019
86,2,In,1.0,222-00,High-Rise Apart or Condo over 3 floors,MULTI-FAMILY 10 OR MORE,Multifamily,unit,7890.06,1714723.5599999998,104273.40000000001,2019
87,2,In,1.0,710-00,"General Office Building [1-50,000]","OFFICE, ONE STORY",Office,sq. ft.,14927.3,-5313.528264000001,-12971.903999999999,2019
88,2,In,1.0,720-00,Medical Office Building,PROFESSIONAL BUILDING,Office,sq. ft.,0.0,23252.968200000003,-101394.717516,2019
89,2,In,1.0,820-00,"Shopping Center/General Retail [1-10,000]","STORES, ONE STORY",Commercial/Retail,sq. ft.,928448.91,187020.09136799996,103460.92218,2019
90,2,Out,0.0,140-00,Manufacturing,HEAVY INDUSTRIAL,Industrial/Manufacturing,sq. ft.,722.5799999999999,-39856.087128,-13789.988195999998,2019
91,2,Out,0.0,150-00,Warehousing,"WAREHOUSING, DISTRIBUTION TERMINALS",Industrial/Manufacturing,sq. ft.,2733218.06,423773.6359736,28895.495727999998,2019
92,2,Out,0.0,151-00,Mini-Warehouse,"WAREHOUSING, DISTRIBUTION TERMINALS",Industrial/Manufacturing,sq. ft.,0.36,159176.67110399998,-15007.330536,2019
93,2,Out,0.0,210-00,Single Family Detached,SINGLE FAMILY RESIDENTIAL,Single-family,unit,738786.31,163407.34167999998,116600.96764799999,2019
94,2,Out,0.0,220-00,Apartment (Rentals),MULTI-FAMILY 10 OR MORE,Multifamily,unit,1534061.65,3083940.4569599996,-116600.77899535999,2019
95,2,Out,0.0,222-00,High-Rise Apart or Condo over 3 floors,MULTI-FAMILY 10 OR MORE,Multifamily,unit,145289.00999999998,3283513.1999999997,-85485.54088799999,2019
96,2,Out,0.0,230-00,"Condominium,Townhouse",CONDOMINIUM,Single-family,unit,0.0,-22622.688,9605.199999999999,2019
97,2,Out,0.0,240-00,Mobile Home,MOBILE HOME,Single-family,unit,0.0,-28893.744,12247.70399999999,2019
98,2,Out,0.0,310-00,Hotel,"HOTELS, MOTELS",Commercial/Retail,room,303083.63,404616.608,75897.35999999999,2019
99,2,Out,0.0,311-00,All Suites Hotel,"HOTELS, MOTELS",Commercial/Retail,room,0.0,361318.31999999995,-68177.90865999999,2019
100,2,Out,0.0,320-00,Motel,"HOTELS, MOTELS",Commercial/Retail,room,0.0,35171.312,69067.52556,2019
101,2,Out,0.0,492-00,Health/Fitness,OUTDOOR RECREATIONAL,Other,sq. ft.,0.0,25629.512832,-17718.97208,2019
102,2,Out,0.0,520-00,Elementary School (30 SF/St),PUBLIC COUNTY SCHOOLS,Other,student,20712.32,139659.60799999998,18774.56812,2019
103,2,Out,0.0,530-00,High School (25 SF/St),PUBLIC COUNTY SCHOOLS,Other,student,28953.72,229860.57599999997,4030.1574959999994,2019
104,2,Out,0.0,560-00,Church/Synagogue,"CHURCHES, TEMPLES",Other,sq. ft.,14526.58,379841.887964,-4003.961808,2019
105,2,Out,0.0,565-00,Day Care Center,PRIVATE SCHOOLS & COLLEGES,Other,sq. ft.,203533.98000000004,116945.364536,215.47696799999903,2019
106,2,Out,0.0,610-00,Hospital,HOSPITALS,Other,sq. ft.,1128170.62,2125003.34508,33026.02314,2019
107,2,Out,0.0,630-00,Clinic,PROFESSIONAL BUILDING,Office,sq. ft.,0.0,88319.905168,-291357.20152,2019
108,2,Out,0.0,710-00,"General Office Building [1-50,000]","OFFICE, ONE STORY",Office,sq. ft.,1357010.52,-489299.18542560004,291357.20152,2019
109,2,Out,0.0,710-01,"General Office Building [50,001 -100,000]","OFFICE, ONE STORY",Office,sq. ft.,60981.72,929203.09176464,-33031.19204,2019
110,2,Out,0.0,710-02,"General Office Building [100,001-150,000]",PROFESSIONAL BUILDING,Office,sq. ft.,0.0,1123232.2182399998,-99131.66433999999,2019
111,2,Out,0.0,710-03,"General Office Building [150,001-200,000]",PROFESSIONAL BUILDING,Office,sq. ft.,0.0,-1644481.149168,-96398.55420000001,2019
112,2,Out,0.0,710-04,"General Office Building [200,001-300,000]","OFFICE, MULTI-STORY",Office,sq. ft.,0.0,2387088.567732,101151.75069999999,2019
113,2,Out,0.0,720-00,Medical Office Building,PROFESSIONAL BUILDING,Office,sq. ft.,1462697.2699999998,242088.07700000002,97336.59782,2019
114,2,Out,0.0,820-00,"Shopping Center/General Retail [1-10,000]","STORES, ONE STORY",Commercial/Retail,sq. ft.,1253172.3499999999,-566688.89103948,-21351.431704,2019
115,2,Out,0.0,820-01,"Shopping Center/General Retail [10,001 -50,000]","STORES, ONE STORY",Commercial/Retail,sq. ft.,698538.01,302866.67207808,-51017.133772,2019
116,2,Out,0.0,820-02,"Shopping Center/General Retail [50,001 -100,000]","STORES, ONE STORY",Commercial/Retail,sq. ft.,477396.91,-1388007.7174039998,21786.530919999997,2019
117,2,Out,0.0,820-03,"Shopping Center/General Retail [100,001-200,000]",COMMUNITY SHOPPING CENTER,Commercial/Retail,sq. ft.,0.0,-384539.05705600005,52056.757059999996,2019
118,2,Out,0.0,820-04,"Shopping Center/General Retail [200,001-300,000]",COMMUNITY SHOPPING CENTER,Commercial/Retail,sq. ft.,10191.84,1762403.9876960001,456.04479999999967,2019
119,2,Out,0.0,841-00,Car Sales (New & Used Car Sales Area),"AUTO SALES, REPAIR, ETC",Commercial/Retail,sq. ft.,0.0,-529545.3176824801,26930.040879999997,2019
120,2,Out,0.0,853-00,Convenience market with Gasoline,SERVICE STATIONS,Commercial/Retail,sq. ft.,352201.58,401573.44457999995,-26929.9593948,2019
121,2,Out,0.0,911-00,Bank (Walk-in),"RESTAURANTS, CAFETERIAS",Commercial/Retail,sq. ft.,6741.5599999999995,104331.765428,-42848.907311999996,2019
122,2,Out,0.0,912-00,Bank (Drive-in),"RESTAURANTS, CAFETERIAS",Commercial/Retail,sq. ft.,10001.7,-93660.1883096,42848.96,2019
123,2,Out,0.0,931-00,Quality Restaurant,"RESTAURANTS, CAFETERIAS",Commercial/Retail,sq. ft.,0.0,57958.88384,144513.870952,2019
124,2,Out,0.0,932-00,High Turnover Rest.,DRIVE-IN RESTAURANTS,Commercial/Retail,sq. ft.,7585.78,1433971.3933776,-529545.3176824801,2019
125,2,Out,0.0,932-01,High turnover Rest/Seats,"RESTAURANTS, CAFETERIAS",Commercial/Retail,seats,266828.4,1016132.48,385033.177848,2019
126,2,Out,0.0,934-00,Fast Food Rest. w/ Drive-Thru,DRIVE-IN RESTAURANTS,Commercial/Retail,sq. ft.,0.0,91749.622536,-63906.71664399999,2019
127,2,Out,0.0,937-00,Coffee/Donut Shop,DRIVE-IN RESTAURANTS,Commercial/Retail,sq. ft.,0.0,93594.91820799999,65208.99462,2019
128,2,Out,0.0,944-00,Service Stations w/ Gasoline,SERVICE STATIONS,Commercial/Retail,fuel station,45285.13,-140248.944,-35910.6496,2019
129,2,Out,1.0,210-00,Single Family Detached,SINGLE FAMILY RESIDENTIAL,Single-family,unit,15372.48,18474.543999999998,-56644.85728,2019
130,2,Out,1.0,220-00,Apartment (Rentals),MULTI-FAMILY 10 OR MORE,Multifamily,unit,518102.16000000003,622651.392,57958.88384,2019
131,3,In,0.0,140-00,Manufacturing,HEAVY INDUSTRIAL,Industrial/Manufacturing,sq. ft.,379633.32,-82039.53700799998,-49939.954244,2019
132,3,In,0.0,150-00,Warehousing,"WAREHOUSING, DISTRIBUTION TERMINALS",Industrial/Manufacturing,sq. ft.,3308572.78,2359836.65150816,51025.97420799999,2019
133,3,In,0.0,151-00,Mini-Warehouse,"WAREHOUSING, DISTRIBUTION TERMINALS",Industrial/Manufacturing,sq. ft.,730875.3999999999,1073583.8608879999,-55100.48472,2019
134,3,In,0.0,210-00,Single Family Detached,SINGLE FAMILY RESIDENTIAL,Single-family,unit,1666547.52,320770.81476,56223.3056,2019
135,3,In,0.0,220-00,Apartment (Rentals),MULTI-FAMILY 10 OR MORE,Multifamily,unit,0.0,451441.79520000005,-76451.916424,2019
136,3,In,0.0,222-00,High-Rise Apart or Condo over 3 floors,MULTI-FAMILY 10 OR MORE,Multifamily,unit,2501661.1500000004,5451511.032,78009.83652,2019
137,3,In,0.0,230-00,"Condominium,Townhouse",CONDOMINIUM,Single-family,unit,436359.47,452623.072,-15303.33111912,2019
138,3,In,0.0,310-00,Hotel,"HOTELS, MOTELS",Commercial/Retail,room,1190721.74,2924498.4999999995,-45480.617335999996,2019
139,3,In,0.0,311-00,All Suites Hotel,"HOTELS, MOTELS",Commercial/Retail,room,678788.11,1098190.1919999998,45480.63828,2019
140,3,In,0.0,490-00,Tennis Courts,OUTDOOR RECREATIONAL,Other,court,0.0,65556.30399999999,15303.199999999999,2019
141,3,In,0.0,492-00,Health/Fitness,OUTDOOR RECREATIONAL,Other,sq. ft.,0.0,0.0,-6121.36883996,2019
142,3,In,0.0,520-00,Elementary School (30 SF/St),PUBLIC COUNTY SCHOOLS,Other,student,0.0,-40700.0,-12242.56,2019
143,3,In,0.0,530-00,High School (25 SF/St),PUBLIC COUNTY SCHOOLS,Other,student,0.0,0.0,18363.84,2019
144,3,In,0.0,540-00,Jr./Community College (25 SF/St),COLLEGES,Other,student,0.0,48840.0,-25729.364584,2019
145,3,In,0.0,560-00,Church/Synagogue,"CHURCHES, TEMPLES",Other,sq. ft.,872168.65,-151362.58367999998,-15333.2169012,2019
146,3,In,0.0,565-00,Day Care Center,PRIVATE SCHOOLS & COLLEGES,Other,sq. ft.,0.0,229069.696856,70981.92332,2019
147,3,In,0.0,630-00,Clinic,PROFESSIONAL BUILDING,Office,sq. ft.,88726.15,132090.729936,-29919.834467599998,2019
148,3,In,0.0,710-00,"General Office Building [1-50,000]","OFFICE, ONE STORY",Office,sq. ft.,1941965.91,2381602.1192990397,-108277.76987999999,2019
149,3,In,0.0,710-01,"General Office Building [50,001 -100,000]","OFFICE, ONE STORY",Office,sq. ft.,0.0,260540.320656,-37738.827544,2019
150,3,In,0.0,710-02,"General Office Building [100,001-150,000]",PROFESSIONAL BUILDING,Office,sq. ft.,0.0,1384416.32824,-322897.51999999996,2019
151,3,In,0.0,720-00,Medical Office Building,PROFESSIONAL BUILDING,Office,sq. ft.,1540629.04,1468865.6699199998,472868.88,2019
152,3,In,0.0,820-00,"Shopping Center/General Retail [1-10,000]","STORES, ONE STORY",Commercial/Retail,sq. ft.,4754380.65,330246.52526799997,20378.039819999998,2019
153,3,In,0.0,820-01,"Shopping Center/General Retail [10,001 -50,000]","STORES, ONE STORY",Commercial/Retail,sq. ft.,719469.2500000001,748551.456576,-20245.59636,2019
154,3,In,0.0,820-02,"Shopping Center/General Retail [50,001 -100,000]","STORES, ONE STORY",Commercial/Retail,sq. ft.,0.0,0.0,-32458.625887999995,2019
155,3,In,0.0,820-04,"Shopping Center/General Retail [200,001-300,000]",COMMUNITY SHOPPING CENTER,Commercial/Retail,sq. ft.,0.0,972458.1239999998,32950.394400000005,2019
156,3,In,0.0,820-05,"Shopping Center/General Retail [300,001-400,000]",COMMUNITY SHOPPING CENTER,Commercial/Retail,sq. ft.,0.0,-1341763.5136523198,-347383.194196,2019
157,3,In,0.0,820-10,"Shopping Center/General Retail [1,000,001-1,200,000]",REGIONAL SHOPPING CENTER,Commercial/Retail,sq. ft.,85979.8,88760.363824,347382.64,2019
158,3,In,0.0,820-11,"Shopping Center/General Retail [1,200,001-more]",REGIONAL SHOPPING CENTER,Commercial/Retail,sq. ft.,24517.42,26139.057296000003,-59461.619999999995,2019
159,3,In,0.0,841-00,Car Sales (New & Used Car Sales Area),"AUTO SALES, REPAIR, ETC",Commercial/Retail,sq. ft.,94019.16,96232.93591999999,91749.622536,2019
160,3,In,0.0,841-01,Car Sales (Service and Parts Sales Area),"AUTO SALES, REPAIR, ETC",Commercial/Retail,sq. ft.,0.0,309983.61187200004,-28893.744,2019
161,3,In,0.0,853-00,Convenience market with Gasoline,SERVICE STATIONS,Commercial/Retail,sq. ft.,89519.92,175117.70848,-13208.413043999999,2019
162,3,In,0.0,932-00,High Turnover Rest.,DRIVE-IN RESTAURANTS,Commercial/Retail,sq. ft.,0.0,669650.1500479999,24295.702200000003,2019
163,3,In,0.0,932-01,High turnover Rest/Seats,"RESTAURANTS, CAFETERIAS",Commercial/Retail,seats,417384.59,503776.45999999996,-187899.531576,2019
164,3,In,0.0,933-00,Fast Food Rest. w/o Drive-Thru,"RESTAURANTS, CAFETERIAS",Commercial/Retail,sq. ft.,0.0,186700.1389,192113.02726,2019
165,3,In,0.0,934-00,Fast Food Rest. w/ Drive-Thru,DRIVE-IN RESTAURANTS,Commercial/Retail,sq. ft.,181546.59,187417.8834,-25629.118693200002,2019
166,3,In,1.0,140-00,Manufacturing,HEAVY INDUSTRIAL,Industrial/Manufacturing,sq. ft.,35473.0,42631.01964,25629.512832,2019
167,3,In,1.0,210-00,Single Family Detached,SINGLE FAMILY RESIDENTIAL,Single-family,unit,428009.32000000007,25488.781999999996,216.9344799999999,2019
168,3,In,1.0,230-00,"Condominium,Townhouse",CONDOMINIUM,Single-family,unit,14930.880000000001,17943.816,21203.898048000003,2019
169,3,In,1.0,254-00,Assisted Living Facility,HOMES FOR THE AGED,Other,bed,0.0,439247.42399999994,-20187.707936000003,2019
170,3,In,1.0,630-00,Clinic,PROFESSIONAL BUILDING,Office,sq. ft.,0.0,31489.847223999994,-1286985.59016,2019
171,3,In,1.0,710-00,"General Office Building [1-50,000]","OFFICE, ONE STORY",Office,sq. ft.,65042.09,-200114.919136,194020.60369999998,2019
172,3,In,1.0,720-00,Medical Office Building,PROFESSIONAL BUILDING,Office,sq. ft.,0.0,165956.98504,1123232.2182399998,2019
173,3,In,1.0,820-00,"Shopping Center/General Retail [1-10,000]","STORES, ONE STORY",Commercial/Retail,sq. ft.,169124.28999999998,152046.073432,-120003.334336,2019
174,3,In,1.0,932-00,High Turnover Rest.,DRIVE-IN RESTAURANTS,Commercial/Retail,sq. ft.,0.0,84686.35406,24589.311999999998,2019
175,3,In,1.0,932-01,High turnover Rest/Seats,"RESTAURANTS, CAFETERIAS",Commercial/Retail,seats,0.0,73707.7,95413.82399999998,2019
176,3,Out,0.0,140-00,Manufacturing,HEAVY INDUSTRIAL,Industrial/Manufacturing,sq. ft.,382425.91,-77715.45342,-24717.791312,2019
177,3,Out,0.0,150-00,Warehousing,"WAREHOUSING, DISTRIBUTION TERMINALS",Industrial/Manufacturing,sq. ft.,20942062.14,21364696.856038798,25164.647200000003,2019
178,3,Out,0.0,151-00,Mini-Warehouse,"WAREHOUSING, DISTRIBUTION TERMINALS",Industrial/Manufacturing,sq. ft.,1738412.6,701941.7481999999,-10043.3786,2019
179,3,Out,0.0,210-00,Single Family Detached,SINGLE FAMILY RESIDENTIAL,Single-family,unit,3564594.61,3222517.6565999994,-22814.607408,2019
180,3,Out,0.0,220-00,Apartment (Rentals),MULTI-FAMILY 10 OR MORE,Multifamily,unit,4852277.48,5396640.92,50954.9348,2019
181,3,Out,0.0,222-00,High-Rise Apart or Condo over 3 floors,MULTI-FAMILY 10 OR MORE,Multifamily,unit,2459060.25,2810185.224,10043.376199999999,2019
182,3,Out,0.0,230-00,"Condominium,Townhouse",CONDOMINIUM,Single-family,unit,4834959.6899999995,5013403.208,1305.8292719999954,2019
183,3,Out,0.0,310-00,Hotel,"HOTELS, MOTELS",Commercial/Retail,room,1359274.23,2367437.5999999996,-9061.041424,2019
184,3,Out,0.0,311-00,All Suites Hotel,"HOTELS, MOTELS",Commercial/Retail,room,6170.8,385754.6,9209.003407999999,2019
185,3,Out,0.0,491-00,Racquet Club,OUTDOOR RECREATIONAL,Other,court,0.0,0.0,-211692.67357600003,2019
186,3,Out,0.0,492-00,Health/Fitness,OUTDOOR RECREATIONAL,Other,sq. ft.,0.0,0.0,-9237.271999999999,2019
187,3,Out,0.0,520-00,Elementary School (30 SF/St),PUBLIC COUNTY SCHOOLS,Other,student,0.0,6715.5,227008.31999999998,2019
188,3,Out,0.0,530-00,High School (25 SF/St),PUBLIC COUNTY SCHOOLS,Other,student,0.0,1140381.44,0.0,2019
189,3,Out,0.0,540-00,Jr./Community College (25 SF/St),COLLEGES,Other,student,0.0,196581.0,0.0,2019
190,3,Out,0.0,550-00,University (20 SF/St),COLLEGES,Other,student,536824.86,611154.456,-9237.271999999999,2019
191,3,Out,0.0,560-00,Church/Synagogue,"CHURCHES, TEMPLES",Other,sq. ft.,56025.58,95465.93302399998,9237.271999999999,2019
192,3,Out,0.0,565-00,Day Care Center,PRIVATE SCHOOLS & COLLEGES,Other,sq. ft.,69446.51000000001,-26901.072,-9237.271999999999,2019
193,3,Out,0.0,610-00,Hospital,HOSPITALS,Other,sq. ft.,0.0,4285703.722432,9237.271999999999,2019
194,3,Out,0.0,620-00,Nursing Home,"SANITARIUM, CONVALESCENT & REST HOME",Other,bed,0.0,39410.623999999996,-9237.271999999999,2019
195,3,Out,0.0,630-00,Clinic,PROFESSIONAL BUILDING,Office,sq. ft.,0.0,1937877.7755920002,9237.271999999999,2019
196,3,Out,0.0,710-00,"General Office Building [1-50,000]","OFFICE, ONE STORY",Office,sq. ft.,976653.34,993407.4358955999,0.0,2019
197,3,Out,0.0,710-01,"General Office Building [50,001 -100,000]","OFFICE, ONE STORY",Office,sq. ft.,2035577.9100000001,-1785931.0130415598,-14892.942,2019
198,3,Out,0.0,710-02,"General Office Building [100,001-150,000]",PROFESSIONAL BUILDING,Office,sq. ft.,0.0,-7966.806847999999,-11246.372,2019
199,3,Out,0.0,720-00,Medical Office Building,PROFESSIONAL BUILDING,Office,sq. ft.,16793.79,267774.51448,0.0,2019
200,3,Out,0.0,820-00,"Shopping Center/General Retail [1-10,000]","STORES, ONE STORY",Commercial/Retail,sq. ft.,691293.28,418178.14266799996,-9237.271999999999,2019
201,3,Out,0.0,820-01,"Shopping Center/General Retail [10,001 -50,000]","STORES, ONE STORY",Commercial/Retail,sq. ft.,1081424.5,1608603.8110119998,9237.271999999999,2019
202,3,Out,0.0,820-02,"Shopping Center/General Retail [50,001 -100,000]","STORES, ONE STORY",Commercial/Retail,sq. ft.,311884.5,1299305.5523007999,289.37199999999757,2019
203,3,Out,0.0,820-03,"Shopping Center/General Retail [100,001-200,000]",COMMUNITY SHOPPING CENTER,Commercial/Retail,sq. ft.,0.0,3146409.615492,0.0,2019
204,3,Out,0.0,820-04,"Shopping Center/General Retail [200,001-300,000]",COMMUNITY SHOPPING CENTER,Commercial/Retail,sq. ft.,126871.45,79657.36763600002,-11101.686,2019
205,3,Out,0.0,820-05,"Shopping Center/General Retail [300,001-400,000]",COMMUNITY SHOPPING CENTER,Commercial/Retail,sq. ft.,223143.0,352979.5932959999,-9237.271999999999,2019
206,3,Out,0.0,841-00,Car Sales (New & Used Car Sales Area),"AUTO SALES, REPAIR, ETC",Commercial/Retail,sq. ft.,118873.64,122718.1516,9237.271999999999,2019
207,3,Out,0.0,851-00,Convenience market,"STORES, ONE STORY",Commercial/Retail,sq. ft.,0.0,-140710.97040000002,3242.181999999999,2019
208,3,Out,0.0,853-00,Convenience market with Gasoline,SERVICE STATIONS,Commercial/Retail,sq. ft.,1232534.55,2707603.0179946,-3048.29976,2019
209,3,Out,0.0,911-00,Bank (Walk-in),"RESTAURANTS, CAFETERIAS",Commercial/Retail,sq. ft.,15227.77,15720.246388,-9043.38976,2019
210,3,Out,0.0,912-00,Bank (Drive-in),"RESTAURANTS, CAFETERIAS",Commercial/Retail,sq. ft.,277503.64,-92964.00959999999,9237.271999999999,2019
211,3,Out,0.0,932-00,High Turnover Rest.,DRIVE-IN RESTAURANTS,Commercial/Retail,sq. ft.,19843.43,-314582.04263376,3242.181999999999,2019
212,3,Out,0.0,932-01,High turnover Rest/Seats,"RESTAURANTS, CAFETERIAS",Commercial/Retail,seats,0.0,169189.9,-3048.29976,2019
213,3,Out,0.0,934-00,Fast Food Rest. w/ Drive-Thru,DRIVE-IN RESTAURANTS,Commercial/Retail,sq. ft.,10939.89,21829.038,-8950.735999999999,2019
214,3,Out,0.0,937-00,Coffee/Donut Shop,DRIVE-IN RESTAURANTS,Commercial/Retail,sq. ft.,0.0,84680.836768,9237.271999999999,2019
215,3,Out,0.0,944-00,Service Stations w/ Gasoline,SERVICE STATIONS,Commercial/Retail,fuel station,11974.160000000002,-135975.444,-9092.586,2019
216,3,Out,1.0,210-00,Single Family Detached,SINGLE FAMILY RESIDENTIAL,Single-family,unit,298.58,9769.627999999999,9237.271999999999,2019
217,3,Out,1.0,710-00,"General Office Building [1-50,000]","OFFICE, ONE STORY",Office,sq. ft.,3034.88,-63244.53423199999,4763.321999999999,2019
218,3,Out,1.0,720-00,Medical Office Building,PROFESSIONAL BUILDING,Office,sq. ft.,0.0,6433.0419999999995,-4618.6359999999995,2019
219,3,Out,1.0,820-00,"Shopping Center/General Retail [1-10,000]","STORES, ONE STORY",Commercial/Retail,sq. ft.,126081.01,110906.56064399998,-9237.271999999999,2019
220,3,Out,1.0,820-01,"Shopping Center/General Retail [10,001 -50,000]","STORES, ONE STORY",Commercial/Retail,sq. ft.,147660.98,-275753.257824,9237.271999999999,2019
221,3,Out,1.0,841-00,Car Sales (New & Used Car Sales Area),"AUTO SALES, REPAIR, ETC",Commercial/Retail,sq. ft.,0.0,174419.08484,-9237.271999999999,2019
222,3,Out,1.0,841-01,Car Sales (Service and Parts Sales Area),"AUTO SALES, REPAIR, ETC",Commercial/Retail,sq. ft.,0.0,358771.880544,9237.271999999999,2019
223,3,Out,1.0,944-00,Service Stations w/ Gasoline,SERVICE STATIONS,Commercial/Retail,fuel station,0.0,-74168.424,9237.271999999999,2019
224,4,In,0.0,150-00,Warehousing,"WAREHOUSING, DISTRIBUTION TERMINALS",Industrial/Manufacturing,sq. ft.,388820.93,112093.263568,-9237.271999999999,2019
225,4,In,0.0,210-00,Single Family Detached,SINGLE FAMILY RESIDENTIAL,Single-family,unit,967694.11,881025.0530399999,289.37199999999757,2019
226,4,In,0.0,220-00,Apartment (Rentals),MULTI-FAMILY 10 OR MORE,Multifamily,unit,254247.47,260420.48032,9237.271999999999,2019
227,4,In,0.0,222-00,High-Rise Apart or Condo over 3 floors,MULTI-FAMILY 10 OR MORE,Multifamily,unit,0.0,-58790.56392,-9237.271999999999,2019
228,4,In,0.0,230-00,"Condominium,Townhouse",CONDOMINIUM,Single-family,unit,343151.58999999997,352895.048,9237.271999999999,2019
229,4,In,0.0,254-00,Assisted Living Facility,HOMES FOR THE AGED,Other,bed,0.0,63579.912,-9237.271999999999,2019
230,4,In,0.0,492-00,Health/Fitness,OUTDOOR RECREATIONAL,Other,sq. ft.,0.0,0.0,4618.641999999999,2019
231,4,In,0.0,560-00,Church/Synagogue,"CHURCHES, TEMPLES",Other,sq. ft.,8383.08,-33015.12368,-4618.6359999999995,2019
232,4,In,0.0,565-00,Day Care Center,PRIVATE SCHOOLS & COLLEGES,Other,sq. ft.,2663.62,10403.4084,9237.271999999999,2019
233,4,In,0.0,630-00,Clinic,PROFESSIONAL BUILDING,Office,sq. ft.,0.0,22061.5164,-9237.271999999999,2019
234,4,In,0.0,710-00,"General Office Building [1-50,000]","OFFICE, ONE STORY",Office,sq. ft.,21587.86,44524.279448,0.0,2019
235,4,In,0.0,820-00,"Shopping Center/General Retail [1-10,000]","STORES, ONE STORY",Commercial/Retail,sq. ft.,427129.99,314538.16497312,0.0,2019
236,4,In,0.0,820-02,"Shopping Center/General Retail [50,001 -100,000]","STORES, ONE STORY",Commercial/Retail,sq. ft.,51817.94,51818.119935999996,0.0,2019
237,4,In,0.0,841-00,Car Sales (New & Used Car Sales Area),"AUTO SALES, REPAIR, ETC",Commercial/Retail,sq. ft.,669755.32,398448.16484,0.0,2019
238,4,In,0.0,841-01,Car Sales (Service and Parts Sales Area),"AUTO SALES, REPAIR, ETC",Commercial/Retail,sq. ft.,0.0,292968.14659200003,9061.821999999998,2019
239,4,In,0.0,851-00,Convenience market,"STORES, ONE STORY",Commercial/Retail,sq. ft.,0.0,39832.028544,-11246.372,2019
240,4,In,0.0,853-00,Convenience market with Gasoline,SERVICE STATIONS,Commercial/Retail,sq. ft.,252930.09,282891.99224,-11311.341999999999,2019
241,4,In,0.0,890-00,Furniture Store (free standing),"WHOLESALE, PRODUCE, MFG",Commercial/Retail,sq. ft.,0.0,3570.87148,-11311.341999999999,2019
242,4,In,0.0,932-00,High Turnover Rest.,DRIVE-IN RESTAURANTS,Commercial/Retail,sq. ft.,0.0,320943.17111999996,0.0019999999985884642,2019
243,4,In,1.0,150-00,Warehousing,"WAREHOUSING, DISTRIBUTION TERMINALS",Industrial/Manufacturing,sq. ft.,24637.2,28681.4528,289.37199999999757,2019
244,4,In,1.0,210-00,Single Family Detached,SINGLE FAMILY RESIDENTIAL,Single-family,unit,70667.65,136774.792,-11311.341999999999,2019
245,4,In,1.0,220-00,Apartment (Rentals),MULTI-FAMILY 10 OR MORE,Multifamily,unit,4096242.17,5138433.608,-11311.336,2019
246,4,In,1.0,222-00,High-Rise Apart or Condo over 3 floors,MULTI-FAMILY 10 OR MORE,Multifamily,unit,741808.55,1753854.168,-11246.372,2019
247,4,In,1.0,230-00,"Condominium,Townhouse",CONDOMINIUM,Single-family,unit,1040985.9099999999,1262048.392,-11246.372,2019
248,4,In,1.0,560-00,Church/Synagogue,"CHURCHES, TEMPLES",Other,sq. ft.,0.0,-15606.594079999997,-11246.372,2019
249,4,In,1.0,710-00,"General Office Building [1-50,000]","OFFICE, ONE STORY",Office,sq. ft.,19616.88,103184.26148799999,-11246.372,2019
250,4,In,1.0,820-00,"Shopping Center/General Retail [1-10,000]","STORES, ONE STORY",Commercial/Retail,sq. ft.,687057.29,154995.91175199999,9061.821999999998,2019
251,4,In,1.0,890-00,Furniture Store (free standing),"WHOLESALE, PRODUCE, MFG",Commercial/Retail,sq. ft.,0.0,12610.859183999997,0.0,2019
252,4,Out,0.0,140-00,Manufacturing,HEAVY INDUSTRIAL,Industrial/Manufacturing,sq. ft.,73285.20000000001,7621.052208,0.0,2019
253,4,Out,0.0,150-00,Warehousing,"WAREHOUSING, DISTRIBUTION TERMINALS",Industrial/Manufacturing,sq. ft.,43776.979999999996,-97583.52146399999,0.0,2019
254,4,Out,0.0,151-00,Mini-Warehouse,"WAREHOUSING, DISTRIBUTION TERMINALS",Industrial/Manufacturing,sq. ft.,596586.26,719197.8676959999,0.0,2019
255,4,Out,0.0,210-00,Single Family Detached,SINGLE FAMILY RESIDENTIAL,Single-family,unit,7068964.72,6304634.0372399995,0.0,2019
256,4,Out,0.0,220-00,Apartment (Rentals),MULTI-FAMILY 10 OR MORE,Multifamily,unit,165551.2,171509.8,0.0019999999985884642,2019
257,4,Out,0.0,230-00,"Condominium,Townhouse",CONDOMINIUM,Single-family,unit,2164562.9899999998,2236995.728,9061.821999999998,2019
258,4,Out,0.0,520-00,Elementary School (30 SF/St),PUBLIC COUNTY SCHOOLS,Other,student,0.0,155612.38,0.0,2019
259,4,Out,0.0,560-00,Church/Synagogue,"CHURCHES, TEMPLES",Other,sq. ft.,0.0,-49739.52860799999,0.0,2019
260,4,Out,0.0,710-00,"General Office Building [1-50,000]","OFFICE, ONE STORY",Office,sq. ft.,143689.5,224977.34767199997,0.0,2019
261,4,Out,0.0,720-00,Medical Office Building,PROFESSIONAL BUILDING,Office,sq. ft.,22936.480000000003,38892.33392,9237.271999999999,2019
262,4,Out,0.0,820-00,"Shopping Center/General Retail [1-10,000]","STORES, ONE STORY",Commercial/Retail,sq. ft.,676051.26,448360.4112239999,-9237.271999999999,2019
263,4,Out,0.0,820-01,"Shopping Center/General Retail [10,001 -50,000]","STORES, ONE STORY",Commercial/Retail,sq. ft.,0.0,464708.08718399995,-9237.271999999999,2019
264,4,Out,0.0,820-02,"Shopping Center/General Retail [50,001 -100,000]","STORES, ONE STORY",Commercial/Retail,sq. ft.,0.0,909735.4647039999,9237.271999999999,2019
265,4,Out,0.0,850-00,Supermarket (free standing),SUPERMARKETS,Commercial/Retail,sq. ft.,434279.63,448324.04170400003,-9237.271999999999,2019
266,4,Out,0.0,853-00,Convenience market with Gasoline,SERVICE STATIONS,Commercial/Retail,sq. ft.,186751.1,192790.70668,9237.271999999999,2019
267,4,Out,0.0,932-01,High turnover Rest/Seats,"RESTAURANTS, CAFETERIAS",Commercial/Retail,seats,0.0,68034.12,-9237.271999999999,2019
268,4,Out,0.0,934-00,Fast Food Rest. w/ Drive-Thru,DRIVE-IN RESTAURANTS,Commercial/Retail,sq. ft.,22756.260000000002,23492.2028,9237.271999999999,2019
269,4,Out,0.0,944-00,Service Stations w/ Gasoline,SERVICE STATIONS,Commercial/Retail,fuel station,83819.12999999999,86529.828,9237.271999999999,2019
270,4,Out,1.0,220-00,Apartment (Rentals),MULTI-FAMILY 10 OR MORE,Multifamily,unit,93967.06000000001,116626.66399999999,-9237.271999999999,2019
